ID			
dt	glucose	date	time
	78	43686	0.333333333
	80	43686	0.336805556
	83	43686	0.340277778
	79	43686	0.34375
